{"CO2": 243.0, "Temperature": 31.5, "Humidity": 51.16, "Water Quality": 5.187894209047798, "Energy": 103.7, "Water Flow": 901.0, "AQI": 119.79, "Strength": 0.0, "Signal": 0.4250469207763672, "ESG": 235.7}