{"CO2": 244.0, "Temperature": 31.46, "Humidity": 51.16, "Water Quality": 5.187894209047798, "Energy": 103.7, "Water Flow": 901.0, "AQI": 113.58, "Strength": 0.0, "Signal": 0.19709420204162598, "ESG": 236.0}